{
  "variant": "full",
  "n": 30,
  "metrics": {
    "rouge_l": {
      "mean": 0.11224895442692313,
      "ci_95": [
        0.1031288154399837,
        0.12105122862949493
      ]
    },
    "bertscore_f1": {
      "mean": 0.8143988370895385,
      "ci_95": [
        0.8085505823294322,
        0.8200637539227803
      ]
    },
    "rating_mae": {
      "mean": 1.6333333333333333,
      "ci_95": [
        1.3333333333333333,
        1.8666666666666667
      ]
    },
    "abeg_score": {
      "mean": 0.42383333333333334,
      "ci_95": [
        0.37383333333333335,
        0.48050000000000004
      ],
      "vibe_on": 0.925,
      "vibe_off": 0.3880357142857143
    },
    "word_count_mean": 91.6,
    "failure_rate": 0.0
  },
  "meta": {
    "timestamp": "2026-05-24T20:07:40.708920",
    "git_sha": "61e9f4b",
    "seed": 42,
    "dataset": "integrated_final_dataset_50k_v2.jsonl"
  },
  "samples": [
    {
      "user_id": "ivW0Vad81qJ8SIgqJ8p1Mw",
      "item_id": "Js4PaZUhl-BpKtwqkEE14w",
      "category": "Entertainment / Nightlife",
      "actual_stars": 1.0,
      "predicted_stars": 3.0,
      "rouge_l": 0.10852713178294575,
      "bertscore_f1": 0.7958271503448486,
      "rating_mae": 2.0,
      "abeg_score": 0.365,
      "word_count": 112,
      "naija_mode": false,
      "duration_ms": 22558.205203000056,
      "error": ""
    },
    {
      "user_id": "pE4rk3ia1xAElYILJ05GNQ",
      "item_id": "QntMBAbda0EOH6i5uJXwRQ",
      "category": "School / Training",
      "actual_stars": 5.0,
      "predicted_stars": 3.0,
      "rouge_l": 0.1037735849056604,
      "bertscore_f1": 0.8058799505233765,
      "rating_mae": 2.0,
      "abeg_score": 0.48,
      "word_count": 114,
      "naija_mode": false,
      "duration_ms": 30091.417719999983,
      "error": ""
    },
    {
      "user_id": "ztVQFPr9khc_TjsBny-3rA",
      "item_id": "23CdR-3bZ8J19LFhJWGqMg",
      "category": "School / Training",
      "actual_stars": 5.0,
      "predicted_stars": 3.0,
      "rouge_l": 0.11398963730569948,
      "bertscore_f1": 0.8492356538772583,
      "rating_mae": 2.0,
      "abeg_score": 0.505,
      "word_count": 81,
      "naija_mode": false,
      "duration_ms": 14037.636607999957,
      "error": ""
    },
    {
      "user_id": "A1nIXS5XEWeZ2EUUcOsurA",
      "item_id": "U8RlBEjD4Tm2EjdPZdJz8g",
      "category": "Entertainment / Nightlife",
      "actual_stars": 5.0,
      "predicted_stars": 3.0,
      "rouge_l": 0.1263157894736842,
      "bertscore_f1": 0.8251912593841553,
      "rating_mae": 2.0,
      "abeg_score": 0.405,
      "word_count": 90,
      "naija_mode": false,
      "duration_ms": 17975.76945100002,
      "error": ""
    },
    {
      "user_id": "I2XpWCHAom1JRyHXZQrnfg",
      "item_id": "nWGTySMArl9vXv4tg11J3w",
      "category": "General",
      "actual_stars": 3.0,
      "predicted_stars": 3.0,
      "rouge_l": 0.09523809523809523,
      "bertscore_f1": 0.7988907098770142,
      "rating_mae": 0.0,
      "abeg_score": 0.325,
      "word_count": 67,
      "naija_mode": false,
      "duration_ms": 9665.534732999959,
      "error": ""
    },
    {
      "user_id": "PlkcpVx74F5bcjTznVoTEg",
      "item_id": "ZF0tt7hn6WK3-aNWgtLcFA",
      "category": "General",
      "actual_stars": 5.0,
      "predicted_stars": 3.0,
      "rouge_l": 0.15,
      "bertscore_f1": 0.818198561668396,
      "rating_mae": 2.0,
      "abeg_score": 0.325,
      "word_count": 67,
      "naija_mode": false,
      "duration_ms": 11066.361291000021,
      "error": ""
    },
    {
      "user_id": "f9lq4KAus-xCsmJmjXeKVw",
      "item_id": "7vEt6mRC_j6HMo-nRxK9wA",
      "category": "Shopping / Market",
      "actual_stars": 3.0,
      "predicted_stars": 3.0,
      "rouge_l": 0.14084507042253522,
      "bertscore_f1": 0.8408035635948181,
      "rating_mae": 0.0,
      "abeg_score": 0.365,
      "word_count": 87,
      "naija_mode": false,
      "duration_ms": 10448.479566999937,
      "error": ""
    },
    {
      "user_id": "UlWDGR0QrBbdFsVY6ugocw",
      "item_id": "cKexlyJCUdZ_aKhptHZnTQ",
      "category": "Shopping / Market",
      "actual_stars": 5.0,
      "predicted_stars": 3.0,
      "rouge_l": 0.030769230769230767,
      "bertscore_f1": 0.7709433436393738,
      "rating_mae": 2.0,
      "abeg_score": 0.925,
      "word_count": 118,
      "naija_mode": true,
      "duration_ms": 36782.04627699995,
      "error": ""
    },
    {
      "user_id": "TFwdSSKw3vWJgj0lqqd-iw",
      "item_id": "DHVwSH_tR0kPWcAMKH48uA",
      "category": "Mechanic / Auto",
      "actual_stars": 5.0,
      "predicted_stars": 3.0,
      "rouge_l": 0.1345565749235474,
      "bertscore_f1": 0.8226749300956726,
      "rating_mae": 2.0,
      "abeg_score": 0.37,
      "word_count": 98,
      "naija_mode": false,
      "duration_ms": 16232.531790000052,
      "error": ""
    },
    {
      "user_id": "WDX_KkxwI8VYOF3RHpNLpA",
      "item_id": "S3r6DF5zQ3i9CjihVEaSHw",
      "category": "Local Services",
      "actual_stars": 5.0,
      "predicted_stars": 3.0,
      "rouge_l": 0.0903954802259887,
      "bertscore_f1": 0.8167356252670288,
      "rating_mae": 2.0,
      "abeg_score": 0.365,
      "word_count": 73,
      "naija_mode": false,
      "duration_ms": 12426.210180999988,
      "error": ""
    },
    {
      "user_id": "dvu83QWKsnnbGvNVQ3mv7A",
      "item_id": "OZT2_Mwn31f_8yaPfU-vAg",
      "category": "Hotels & Travel",
      "actual_stars": 1.0,
      "predicted_stars": 3.0,
      "rouge_l": 0.12371134020618557,
      "bertscore_f1": 0.8219549655914307,
      "rating_mae": 2.0,
      "abeg_score": 0.365,
      "word_count": 112,
      "naija_mode": false,
      "duration_ms": 11397.408234999944,
      "error": ""
    },
    {
      "user_id": "zxNtaKTMzZzum8ek2v4UXg",
      "item_id": "Qi9b7HT269_U1aKxKlmKew",
      "category": "General",
      "actual_stars": 5.0,
      "predicted_stars": 3.0,
      "rouge_l": 0.12101910828025476,
      "bertscore_f1": 0.8174312710762024,
      "rating_mae": 2.0,
      "abeg_score": 0.34,
      "word_count": 90,
      "naija_mode": false,
      "duration_ms": 11787.252392000028,
      "error": ""
    },
    {
      "user_id": "EbzIOck2feoZrGxRjyPDyw",
      "item_id": "hdGSVYYrLFS4iNufBX3q6A",
      "category": "Entertainment / Nightlife",
      "actual_stars": 5.0,
      "predicted_stars": 3.0,
      "rouge_l": 0.13370473537604458,
      "bertscore_f1": 0.8103901743888855,
      "rating_mae": 2.0,
      "abeg_score": 0.405,
      "word_count": 92,
      "naija_mode": false,
      "duration_ms": 12720.61888899998,
      "error": ""
    },
    {
      "user_id": "2T8ZGt1RsCrcJEZcRfsylg",
      "item_id": "6T0RPFP06soNWqRmRcBC3w",
      "category": "General",
      "actual_stars": 3.0,
      "predicted_stars": 3.0,
      "rouge_l": 0.08130081300813008,
      "bertscore_f1": 0.8139175772666931,
      "rating_mae": 0.0,
      "abeg_score": 0.925,
      "word_count": 107,
      "naija_mode": true,
      "duration_ms": 36995.225480000045,
      "error": ""
    },
    {
      "user_id": "iNWfLMXuXG19fpLzTMylkQ",
      "item_id": "aCa9L-NipZIZlo6wIwlkzw",
      "category": "General",
      "actual_stars": 5.0,
      "predicted_stars": 3.0,
      "rouge_l": 0.1216931216931217,
      "bertscore_f1": 0.815432071685791,
      "rating_mae": 2.0,
      "abeg_score": 0.29,
      "word_count": 70,
      "naija_mode": false,
      "duration_ms": 10859.647933999895,
      "error": ""
    },
    {
      "user_id": "mJy-5ShuwwYRayxRtl6xxA",
      "item_id": "tSqYIivAp4sxtOrGqOaLfA",
      "category": "Local Services",
      "actual_stars": 1.0,
      "predicted_stars": 3.0,
      "rouge_l": 0.11224489795918367,
      "bertscore_f1": 0.8133348822593689,
      "rating_mae": 2.0,
      "abeg_score": 0.365,
      "word_count": 105,
      "naija_mode": false,
      "duration_ms": 10446.123045999911,
      "error": ""
    },
    {
      "user_id": "j14WgRoU_-2ZE1aw1dXrJg",
      "item_id": "Jio1vxVDY7qzNR5tVQj2lQ",
      "category": "Entertainment / Nightlife",